0001,0001,フシギダネ,,くさ,どく,,,
0002,0002,フシギソウ,,くさ,どく,,,
0003,0003,フシギバナ,,くさ,どく,,,
0003-1,0003,メガフシギバナ,,くさ,どく,,,
0003-2,0003,フシギバナ,キョダイマックスのすがた,くさ,どく,,,
0004,0004,ヒトカゲ,,ほのお,,,,
0005,0005,リザード,,ほのお,,,,
0006,0006,リザードン,,ほのお,ひこう,,,
0006-1,0006,メガリザードンＸ,,ほのお,ドラゴン,,,
0006-2,0006,メガリザードンＹ,,ほのお,ひこう,,,
0006-3,0006,リザードン,キョダイマックスのすがた,ほのお,ひこう,,,
0007,0007,ゼニガメ,,みず,,,,
0008,0008,カメール,,みず,,,,
0009,0009,カメックス,,みず,,,,
0009-1,0009,メガカメックス,,みず,,,,
0009-2,0009,カメックス,キョダイマックスのすがた,みず,,,,
0010,0010,キャタピー,,むし,,,,
0011,0011,トランセル,,むし,,,,
0012,0012,バタフリー,,むし,ひこう,,,
0012-1,0012,バタフリー,キョダイマックスのすがた,むし,ひこう,,,
0013,0013,ビードル,,むし,どく,,,
0014,0014,コクーン,,むし,どく,,,
0015,0015,スピアー,,むし,どく,,,
0015-1,0015,メガスピアー,,むし,どく,,,
0016,0016,ポッポ,,ノーマル,ひこう,,,
0017,0017,ピジョン,,ノーマル,ひこう,,,
0018,0018,ピジョット,,ノーマル,ひこう,,,
0018-1,0018,メガピジョット,,ノーマル,ひこう,,,
0019,0019,コラッタ,,ノーマル,,,,
0019-1,0019,コラッタ,アローラのすがた,あく,ノーマル,,,
0020,0020,ラッタ,,ノーマル,,,,
0020-1,0020,ラッタ,アローラのすがた,あく,ノーマル,,,
0021,0021,オニスズメ,,ノーマル,ひこう,,,
0022,0022,オニドリル,,ノーマル,ひこう,,,
0023,0023,アーボ,,どく,,,,
0024,0024,アーボック,,どく,,,,
0025,0025,ピカチュウ,,でんき,,,,
0025-1,0025,ピカチュウ,キョダイマックスのすがた,でんき,,,,
0026,0026,ライチュウ,,でんき,,,,
0026-1,0026,ライチュウ,アローラのすがた,でんき,エスパー,,,
0027,0027,サンド,,じめん,,,,
0027-1,0027,サンド,アローラのすがた,こおり,はがね,,,
0028,0028,サンドパン,,じめん,,,,
0028-1,0028,サンドパン,アローラのすがた,こおり,はがね,,,
0029,0029,ニドラン♀,,どく,,,,
0030,0030,ニドリーナ,,どく,,,,
0031,0031,ニドクイン,,どく,じめん,,,
0032,0032,ニドラン♂,,どく,,,,
0033,0033,ニドリーノ,,どく,,,,
0034,0034,ニドキング,,どく,じめん,,,
0035,0035,ピッピ,,フェアリー,,,,
0036,0036,ピクシー,,フェアリー,,,,
0037,0037,ロコン,,ほのお,,,,
0037-1,0037,ロコン,アローラのすがた,こおり,,,,
0038,0038,キュウコン,,ほのお,,,,
0038-1,0038,キュウコン,アローラのすがた,こおり,フェアリー,,,
0039,0039,プリン,,ノーマル,フェアリー,,,
0040,0040,プクリン,,ノーマル,フェアリー,,,
0041,0041,ズバット,,どく,ひこう,,,
0042,0042,ゴルバット,,どく,ひこう,,,
0043,0043,ナゾノクサ,,くさ,どく,,,
0044,0044,クサイハナ,,くさ,どく,,,
0045,0045,ラフレシア,,くさ,どく,,,
0046,0046,パラス,,むし,くさ,,,
0047,0047,パラセクト,,むし,くさ,,,
0048,0048,コンパン,,むし,どく,,,
0049,0049,モルフォン,,むし,どく,,,
0050,0050,ディグダ,,じめん,,,,
0050-1,0050,ディグダ,アローラのすがた,じめん,はがね,,,
0051,0051,ダグトリオ,,じめん,,,,
0051-1,0051,ダグトリオ,アローラのすがた,じめん,はがね,,,
0052,0052,ニャース,,ノーマル,,,,
0052-1,0052,ニャース,アローラのすがた,あく,,,,
0052-2,0052,ニャース,ガラルのすがた,はがね,,,,
0052-3,0052,ニャース,キョダイマックスのすがた,ノーマル,,,,
0053,0053,ペルシアン,,ノーマル,,,,
0053-1,0053,ペルシアン,アローラのすがた,あく,,,,
0054,0054,コダック,,みず,,,,
0055,0055,ゴルダック,,みず,,,,
0056,0056,マンキー,,かくとう,,,,
0057,0057,オコリザル,,かくとう,,,,
0058,0058,ガーディ,,ほのお,,,,
0058-1,0058,ガーディ,ヒスイのすがた,ほのお,いわ,,,
0059,0059,ウインディ,,ほのお,,,,
0059-1,0059,ウインディ,ヒスイのすがた,ほのお,いわ,,,
0060,0060,ニョロモ,,みず,,,,
0061,0061,ニョロゾ,,みず,,,,
0062,0062,ニョロボン,,みず,かくとう,,,
0063,0063,ケーシィ,,エスパー,,,,
0064,0064,ユンゲラー,,エスパー,,,,
0065,0065,フーディン,,エスパー,,,,
0065-1,0065,メガフーディン,,エスパー,,,,
0066,0066,ワンリキー,,かくとう,,,,
0067,0067,ゴーリキー,,かくとう,,,,
0068,0068,カイリキー,,かくとう,,,,
0068-1,0068,カイリキー,キョダイマックスのすがた,かくとう,,,,
0069,0069,マダツボミ,,くさ,どく,,,
0070,0070,ウツドン,,くさ,どく,,,
0071,0071,ウツボット,,くさ,どく,,,
0072,0072,メノクラゲ,,みず,どく,,,
0073,0073,ドククラゲ,,みず,どく,,,
0074,0074,イシツブテ,,いわ,じめん,,,
0074-1,0074,イシツブテ,アローラのすがた,いわ,でんき,,,
0075,0075,ゴローン,,いわ,じめん,,,
0075-1,0075,ゴローン,アローラのすがた,いわ,でんき,,,
0076,0076,ゴローニャ,,いわ,じめん,,,
0076-1,0076,ゴローニャ,アローラのすがた,いわ,でんき,,,
0077,0077,ポニータ,,ほのお,,,,
0077-1,0077,ポニータ,ガラルのすがた,エスパー,,,,
0078,0078,ギャロップ,,ほのお,,,,
0078-1,0078,ギャロップ,ガラルのすがた,エスパー,フェアリー,,,
0079,0079,ヤドン,,みず,エスパー,,,
0079-1,0079,ヤドン,ガラルのすがた,エスパー,,,,
0080,0080,ヤドラン,,みず,エスパー,,,
0080-1,0080,メガヤドラン,,みず,エスパー,,,
0080-2,0080,ヤドラン,ガラルのすがた,どく,エスパー,,,
0081,0081,コイル,,でんき,はがね,,,
0082,0082,レアコイル,,でんき,はがね,,,
0083,0083,カモネギ,,ノーマル,ひこう,,,
0083-1,0083,カモネギ,ガラルのすがた,かくとう,,,,
0084,0084,ドードー,,ノーマル,ひこう,,,
0085,0085,ドードリオ,,ノーマル,ひこう,,,
0086,0086,パウワウ,,みず,,,,
0087,0087,ジュゴン,,みず,こおり,,,
0088,0088,ベトベター,,どく,,,,
0088-1,0088,ベトベター,アローラのすがた,どく,あく,,,
0089,0089,ベトベトン,,どく,,,,
0089-1,0089,ベトベトン,アローラのすがた,どく,あく,,,
0090,0090,シェルダー,,みず,,,,
0091,0091,パルシェン,,みず,こおり,,,
0092,0092,ゴース,,ゴースト,どく,,,
0093,0093,ゴースト,,ゴースト,どく,,,
0094,0094,ゲンガー,,ゴースト,どく,,,
0094-1,0094,メガゲンガー,,ゴースト,どく,,,
0094-2,0094,ゲンガー,キョダイマックスのすがた,ゴースト,どく,,,
0095,0095,イワーク,,いわ,じめん,,,
0096,0096,スリープ,,エスパー,,,,
0097,0097,スリーパー,,エスパー,,,,
0098,0098,クラブ,,みず,,,,
0099,0099,キングラー,,みず,,,,
0099-1,0099,キングラー,キョダイマックスのすがた,みず,,,,
0100,0100,ビリリダマ,,でんき,,,,
0100-1,0100,ビリリダマ,ヒスイのすがた,でんき,くさ,,,
0101,0101,マルマイン,,でんき,,,,
0101-1,0101,マルマイン,ヒスイのすがた,でんき,くさ,,,
0102,0102,タマタマ,,くさ,エスパー,,,
0103,0103,ナッシー,,くさ,エスパー,,,
0103-1,0103,ナッシー,アローラのすがた,くさ,ドラゴン,,,
0104,0104,カラカラ,,じめん,,,,
0105,0105,ガラガラ,,じめん,,,,
0105-1,0105,ガラガラ,アローラのすがた,ほのお,ゴースト,,,
0106,0106,サワムラー,,かくとう,,,,
0107,0107,エビワラー,,かくとう,,,,
0108,0108,ベロリンガ,,ノーマル,,,,
0109,0109,ドガース,,どく,,,,
0110,0110,マタドガス,,どく,,,,
0110-1,0110,マタドガス,ガラルのすがた,どく,フェアリー,,,
0111,0111,サイホーン,,じめん,いわ,,,
0112,0112,サイドン,,じめん,いわ,,,
0113,0113,ラッキー,,ノーマル,,,,
0114,0114,モンジャラ,,くさ,,,,
0115,0115,ガルーラ,,ノーマル,,,,
0115-1,0115,メガガルーラ,,ノーマル,,,,
0116,0116,タッツー,,みず,,,,
0117,0117,シードラ,,みず,,,,
0118,0118,トサキント,,みず,,,,
0119,0119,アズマオウ,,みず,,,,
0120,0120,ヒトデマン,,みず,,,,
0121,0121,スターミー,,みず,エスパー,,,
0122,0122,バリヤード,,エスパー,フェアリー,,,
0122-1,0122,バリヤード,ガラルのすがた,こおり,エスパー,,,
0123,0123,ストライク,,むし,ひこう,,,
0124,0124,ルージュラ,,こおり,エスパー,,,
0125,0125,エレブー,,でんき,,,,
0126,0126,ブーバー,,ほのお,,,,
0127,0127,カイロス,,むし,,,,
0127-1,0127,メガカイロス,,むし,ひこう,,,
0128,0128,ケンタロス,,ノーマル,,,,
0128-1,0128,ケンタロス,パルデアのすがた・コンバットしゅ,かくとう,,,,
0128-2,0128,ケンタロス,パルデアのすがた・ブレイズしゅ,かくとう,ほのお,,,
0128-3,0128,ケンタロス,パルデアのすがた・ウォーターしゅ,かくとう,みず,,,
0129,0129,コイキング,,みず,,,,
0130,0130,ギャラドス,,みず,ひこう,,,
0130-1,0130,メガギャラドス,,みず,あく,,,
0131,0131,ラプラス,,みず,こおり,,,
0131-1,0131,ラプラス,キョダイマックスのすがた,みず,こおり,,,
0132,0132,メタモン,,ノーマル,,,,
0133,0133,イーブイ,,ノーマル,,,,
0133-1,0133,イーブイ,キョダイマックスのすがた,ノーマル,,,,
0134,0134,シャワーズ,,みず,,,,
0135,0135,サンダース,,でんき,,,,
0136,0136,ブースター,,ほのお,,,,
0137,0137,ポリゴン,,ノーマル,,,,
0138,0138,オムナイト,,いわ,みず,,,
0139,0139,オムスター,,いわ,みず,,,
0140,0140,カブト,,いわ,みず,,,
0141,0141,カブトプス,,いわ,みず,,,
0142,0142,プテラ,,いわ,ひこう,,,
0142-1,0142,メガプテラ,,いわ,ひこう,,,
0143,0143,カビゴン,,ノーマル,,,,
0143-1,0143,カビゴン,キョダイマックスのすがた,ノーマル,,,,
0144,0144,フリーザー,,こおり,ひこう,,,
0144-1,0144,フリーザー,ガラルのすがた,エスパー,ひこう,,,
0145,0145,サンダー,,でんき,ひこう,,,
0145-1,0145,サンダー,ガラルのすがた,かくとう,ひこう,,,
0146,0146,ファイヤー,,ほのお,ひこう,,,
0146-1,0146,ファイヤー,ガラルのすがた,あく,ひこう,,,
0147,0147,ミニリュウ,,ドラゴン,,,,
0148,0148,ハクリュー,,ドラゴン,,,,
0149,0149,カイリュー,,ドラゴン,ひこう,,,
0150,0150,ミュウツー,,エスパー,,,,
0150-1,0150,メガミュウツーＸ,,エスパー,かくとう,,,
0150-2,0150,メガミュウツーＹ,,エスパー,,,,
0151,0151,ミュウ,,エスパー,,,,
0152,0152,チコリータ,,くさ,,,,
0153,0153,ベイリーフ,,くさ,,,,
0154,0154,メガニウム,,くさ,,,,
0155,0155,ヒノアラシ,,ほのお,,,,
0156,0156,マグマラシ,,ほのお,,,,
0157,0157,バクフーン,,ほのお,,,,
0157-1,0157,バクフーン,ヒスイのすがた,ほのお,ゴースト,,,
0158,0158,ワニノコ,,みず,,,,
0159,0159,アリゲイツ,,みず,,,,
0160,0160,オーダイル,,みず,,,,
0161,0161,オタチ,,ノーマル,,,,
0162,0162,オオタチ,,ノーマル,,,,
0163,0163,ホーホー,,ノーマル,ひこう,,,
0164,0164,ヨルノズク,,ノーマル,ひこう,,,
0165,0165,レディバ,,むし,ひこう,,,
0166,0166,レディアン,,むし,ひこう,,,
0167,0167,イトマル,,むし,どく,,,
0168,0168,アリアドス,,むし,どく,,,
0169,0169,クロバット,,どく,ひこう,,,
0170,0170,チョンチー,,みず,でんき,,,
0171,0171,ランターン,,みず,でんき,,,
0172,0172,ピチュー,,でんき,,,,
0173,0173,ピィ,,フェアリー,,,,
0174,0174,ププリン,,ノーマル,フェアリー,,,
0175,0175,トゲピー,,フェアリー,,,,
0176,0176,トゲチック,,フェアリー,ひこう,,,
0177,0177,ネイティ,,エスパー,ひこう,,,
0178,0178,ネイティオ,,エスパー,ひこう,,,
0179,0179,メリープ,,でんき,,,,
0180,0180,モココ,,でんき,,,,
0181,0181,デンリュウ,,でんき,,,,
0181-1,0181,メガデンリュウ,,でんき,ドラゴン,,,
0182,0182,キレイハナ,,くさ,,,,
0183,0183,マリル,,みず,フェアリー,,,
0184,0184,マリルリ,,みず,フェアリー,,,
0185,0185,ウソッキー,,いわ,,,,
0186,0186,ニョロトノ,,みず,,,,
0187,0187,ハネッコ,,くさ,ひこう,,,
0188,0188,ポポッコ,,くさ,ひこう,,,
0189,0189,ワタッコ,,くさ,ひこう,,,
0190,0190,エイパム,,ノーマル,,,,
0191,0191,ヒマナッツ,,くさ,,,,
0192,0192,キマワリ,,くさ,,,,
0193,0193,ヤンヤンマ,,むし,ひこう,,,
0194,0194,ウパー,,みず,じめん,,,
0194-1,0194,ウパー,パルデアのすがた,どく,じめん,,,
0195,0195,ヌオー,,みず,じめん,,,
0196,0196,エーフィ,,エスパー,,,,
0197,0197,ブラッキー,,あく,,,,
0198,0198,ヤミカラス,,あく,ひこう,,,
0199,0199,ヤドキング,,みず,エスパー,,,
0199-1,0199,ヤドキング,ガラルのすがた,どく,エスパー,,,
0200,0200,ムウマ,,ゴースト,,,,
0201,0201,アンノーン,,エスパー,,,,
0202,0202,ソーナンス,,エスパー,,,,
0203,0203,キリンリキ,,ノーマル,エスパー,,,
0204,0204,クヌギダマ,,むし,,,,
0205,0205,フォレトス,,むし,はがね,,,
0206,0206,ノコッチ,,ノーマル,,,,
0207,0207,グライガー,,じめん,ひこう,,,
0208,0208,ハガネール,,はがね,じめん,,,
0208-1,0208,メガハガネール,,はがね,じめん,,,
0209,0209,ブルー,,フェアリー,,,,
0210,0210,グランブル,,フェアリー,,,,
0211,0211,ハリーセン,,みず,どく,,,
0211-1,0211,ハリーセン,ヒスイのすがた,あく,どく,,,
0212,0212,ハッサム,,むし,はがね,,,
0212-1,0212,メガハッサム,,むし,はがね,,,
0213,0213,ツボツボ,,むし,いわ,,,
0214,0214,ヘラクロス,,むし,かくとう,,,
0214-1,0214,メガヘラクロス,,むし,かくとう,,,
0215,0215,ニューラ,,あく,こおり,,,
0215-1,0215,ニューラ,ヒスイのすがた,かくとう,どく,,,
0216,0216,ヒメグマ,,ノーマル,,,,
0217,0217,リングマ,,ノーマル,,,,
0218,0218,マグマッグ,,ほのお,,,,
0219,0219,マグカルゴ,,ほのお,いわ,,,
0220,0220,ウリムー,,こおり,じめん,,,
0221,0221,イノムー,,こおり,じめん,,,
0222,0222,サニーゴ,,みず,いわ,,,
0222-1,0222,サニーゴ,ガラルのすがた,ゴースト,,,,
0223,0223,テッポウオ,,みず,,,,
0224,0224,オクタン,,みず,,,,
0225,0225,デリバード,,こおり,ひこう,,,
0226,0226,マンタイン,,みず,ひこう,,,
0227,0227,エアームド,,はがね,ひこう,,,
0228,0228,デルビル,,あく,ほのお,,,
0229,0229,ヘルガー,,あく,ほのお,,,
0229-1,0229,メガヘルガー,,あく,ほのお,,,
0230,0230,キングドラ,,みず,ドラゴン,,,
0231,0231,ゴマゾウ,,じめん,,,,
0232,0232,ドンファン,,じめん,,,,
0233,0233,ポリゴン２,,ノーマル,,,,
0234,0234,オドシシ,,ノーマル,,,,
0235,0235,ドーブル,,ノーマル,,,,
0236,0236,バルキー,,かくとう,,,,
0237,0237,カポエラー,,かくとう,,,,
0238,0238,ムチュール,,こおり,エスパー,,,
0239,0239,エレキッド,,でんき,,,,
0240,0240,ブビィ,,ほのお,,,,
0241,0241,ミルタンク,,ノーマル,,,,
0242,0242,ハピナス,,ノーマル,,,,
0243,0243,ライコウ,,でんき,,,,
0244,0244,エンテイ,,ほのお,,,,
0245,0245,スイクン,,みず,,,,
0246,0246,ヨーギラス,,いわ,じめん,,,
0247,0247,サナギラス,,いわ,じめん,,,
0248,0248,バンギラス,,いわ,あく,,,
0248-1,0248,メガバンギラス,,いわ,あく,,,
0249,0249,ルギア,,エスパー,ひこう,,,
0250,0250,ホウオウ,,ほのお,ひこう,,,
0251,0251,セレビィ,,エスパー,くさ,,,
0252,0252,キモリ,,くさ,,,,
0253,0253,ジュプトル,,くさ,,,,
0254,0254,ジュカイン,,くさ,,,,
0254-1,0254,メガジュカイン,,くさ,ドラゴン,,,
0255,0255,アチャモ,,ほのお,,,,
0256,0256,ワカシャモ,,ほのお,かくとう,,,
0257,0257,バシャーモ,,ほのお,かくとう,,,
0257-1,0257,メガバシャーモ,,ほのお,かくとう,,,
0258,0258,ミズゴロウ,,みず,,,,
0259,0259,ヌマクロー,,みず,じめん,,,
0260,0260,ラグラージ,,みず,じめん,,,
0260-1,0260,メガラグラージ,,みず,じめん,,,
0261,0261,ポチエナ,,あく,,,,
0262,0262,グラエナ,,あく,,,,
0263,0263,ジグザグマ,,ノーマル,,,,
0263-1,0263,ジグザグマ,ガラルのすがた,あく,ノーマル,,,
0264,0264,マッスグマ,,ノーマル,,,,
0264-1,0264,マッスグマ,ガラルのすがた,あく,ノーマル,,,
0265,0265,ケムッソ,,むし,,,,
0266,0266,カラサリス,,むし,,,,
0267,0267,アゲハント,,むし,ひこう,,,
0268,0268,マユルド,,むし,,,,
0269,0269,ドクケイル,,むし,どく,,,
0270,0270,ハスボー,,みず,くさ,,,
0271,0271,ハスブレロ,,みず,くさ,,,
0272,0272,ルンパッパ,,みず,くさ,,,
0273,0273,タネボー,,くさ,,,,
0274,0274,コノハナ,,くさ,あく,,,
0275,0275,ダーテング,,くさ,あく,,,
0276,0276,スバメ,,ノーマル,ひこう,,,
0277,0277,オオスバメ,,ノーマル,ひこう,,,
0278,0278,キャモメ,,みず,ひこう,,,
0279,0279,ペリッパー,,みず,ひこう,,,
0280,0280,ラルトス,,エスパー,フェアリー,,,
0281,0281,キルリア,,エスパー,フェアリー,,,
0282,0282,サーナイト,,エスパー,フェアリー,,,
0282-1,0282,メガサーナイト,,エスパー,フェアリー,,,
0283,0283,アメタマ,,むし,みず,,,
0284,0284,アメモース,,むし,ひこう,,,
0285,0285,キノココ,,くさ,,,,
0286,0286,キノガッサ,,くさ,かくとう,,,
0287,0287,ナマケロ,,ノーマル,,,,
0288,0288,ヤルキモノ,,ノーマル,,,,
0289,0289,ケッキング,,ノーマル,,,,
0290,0290,ツチニン,,むし,じめん,,,
0291,0291,テッカニン,,むし,ひこう,,,
0292,0292,ヌケニン,,むし,ゴースト,,,
0293,0293,ゴニョニョ,,ノーマル,,,,
0294,0294,ドゴーム,,ノーマル,,,,
0295,0295,バクオング,,ノーマル,,,,
0296,0296,マクノシタ,,かくとう,,,,
0297,0297,ハリテヤマ,,かくとう,,,,
0298,0298,ルリリ,,ノーマル,フェアリー,,,
0299,0299,ノズパス,,いわ,,,,
0300,0300,エネコ,,ノーマル,,,,
0301,0301,エネコロロ,,ノーマル,,,,
0302,0302,ヤミラミ,,あく,ゴースト,,,
0302-1,0302,メガヤミラミ,,あく,ゴースト,,,
0303,0303,クチート,,はがね,フェアリー,,,
0303-1,0303,メガクチート,,はがね,フェアリー,,,
0304,0304,ココドラ,,はがね,いわ,,,
0305,0305,コドラ,,はがね,いわ,,,
0306,0306,ボスゴドラ,,はがね,いわ,,,
0306-1,0306,メガボスゴドラ,,はがね,,,,
0307,0307,アサナン,,かくとう,エスパー,,,
0308,0308,チャーレム,,かくとう,エスパー,,,
0308-1,0308,メガチャーレム,,かくとう,エスパー,,,
0309,0309,ラクライ,,でんき,,,,
0310,0310,ライボルト,,でんき,,,,
0310-1,0310,メガライボルト,,でんき,,,,
0311,0311,プラスル,,でんき,,,,
0312,0312,マイナン,,でんき,,,,
0313,0313,バルビート,,むし,,,,
0314,0314,イルミーゼ,,むし,,,,
0315,0315,ロゼリア,,くさ,どく,,,
0316,0316,ゴクリン,,どく,,,,
0317,0317,マルノーム,,どく,,,,
0318,0318,キバニア,,みず,あく,,,
0319,0319,サメハダー,,みず,あく,,,
0319-1,0319,メガサメハダー,,みず,あく,,,
0320,0320,ホエルコ,,みず,,,,
0321,0321,ホエルオー,,みず,,,,
0322,0322,ドンメル,,ほのお,じめん,,,
0323,0323,バクーダ,,ほのお,じめん,,,
0323-1,0323,メガバクーダ,,ほのお,じめん,,,
0324,0324,コータス,,ほのお,,,,
0325,0325,バネブー,,エスパー,,,,
0326,0326,ブーピッグ,,エスパー,,,,
0327,0327,パッチール,,ノーマル,,,,
0328,0328,ナックラー,,じめん,,,,
0329,0329,ビブラーバ,,じめん,ドラゴン,,,
0330,0330,フライゴン,,じめん,ドラゴン,,,
0331,0331,サボネア,,くさ,,,,
0332,0332,ノクタス,,くさ,あく,,,
0333,0333,チルット,,ノーマル,ひこう,,,
0334,0334,チルタリス,,ドラゴン,ひこう,,,
0334-1,0334,メガチルタリス,,ドラゴン,フェアリー,,,
0335,0335,ザングース,,ノーマル,,,,
0336,0336,ハブネーク,,どく,,,,
0337,0337,ルナトーン,,いわ,エスパー,,,
0338,0338,ソルロック,,いわ,エスパー,,,
0339,0339,ドジョッチ,,みず,じめん,,,
0340,0340,ナマズン,,みず,じめん,,,
0341,0341,ヘイガニ,,みず,,,,
0342,0342,シザリガー,,みず,あく,,,
0343,0343,ヤジロン,,じめん,エスパー,,,
0344,0344,ネンドール,,じめん,エスパー,,,
0345,0345,リリーラ,,いわ,くさ,,,
0346,0346,ユレイドル,,いわ,くさ,,,
0347,0347,アノプス,,いわ,むし,,,
0348,0348,アーマルド,,いわ,むし,,,
0349,0349,ヒンバス,,みず,,,,
0350,0350,ミロカロス,,みず,,,,
0351,0351,ポワルン,,ノーマル,,,,
0352,0352,カクレオン,,ノーマル,,,,
0353,0353,カゲボウズ,,ゴースト,,,,
0354,0354,ジュペッタ,,ゴースト,,,,
0354-1,0354,メガジュペッタ,,ゴースト,,,,
0355,0355,ヨマワル,,ゴースト,,,,
0356,0356,サマヨール,,ゴースト,,,,
0357,0357,トロピウス,,くさ,ひこう,,,
0358,0358,チリーン,,エスパー,,,,
0359,0359,アブソル,,あく,,,,
0359-1,0359,メガアブソル,,あく,,,,
0360,0360,ソーナノ,,エスパー,,,,
0361,0361,ユキワラシ,,こおり,,,,
0362,0362,オニゴーリ,,こおり,,,,
0362-1,0362,メガオニゴーリ,,こおり,,,,
0363,0363,タマザラシ,,こおり,みず,,,
0364,0364,トドグラー,,こおり,みず,,,
0365,0365,トドゼルガ,,こおり,みず,,,
0366,0366,パールル,,みず,,,,
0367,0367,ハンテール,,みず,,,,
0368,0368,サクラビス,,みず,,,,
0369,0369,ジーランス,,みず,いわ,,,
0370,0370,ラブカス,,みず,,,,
0371,0371,タツベイ,,ドラゴン,,,,
0372,0372,コモルー,,ドラゴン,,,,
0373,0373,ボーマンダ,,ドラゴン,ひこう,,,
0373-1,0373,メガボーマンダ,,ドラゴン,ひこう,,,
0374,0374,ダンバル,,はがね,エスパー,,,
0375,0375,メタング,,はがね,エスパー,,,
0376,0376,メタグロス,,はがね,エスパー,,,
0376-1,0376,メガメタグロス,,はがね,エスパー,,,
0377,0377,レジロック,,いわ,,,,
0378,0378,レジアイス,,こおり,,,,
0379,0379,レジスチル,,はがね,,,,
0380,0380,ラティアス,,ドラゴン,エスパー,,,
0380-1,0380,メガラティアス,,ドラゴン,エスパー,,,
0381,0381,ラティオス,,ドラゴン,エスパー,,,
0381-1,0381,メガラティオス,,ドラゴン,エスパー,,,
0382,0382,カイオーガ,,みず,,,,
0382-1,0382,ゲンシカイオーガ,,みず,,,,
0383,0383,グラードン,,じめん,,,,
0383-1,0383,ゲンシグラードン,,じめん,ほのお,,,
0384,0384,レックウザ,,ドラゴン,ひこう,,,
0384-1,0384,メガレックウザ,,ドラゴン,ひこう,,,
0385,0385,ジラーチ,,はがね,エスパー,,,
0386,0386,デオキシス,ノーマルフォルム,エスパー,,,,
0386-1,0386,デオキシス,アタックフォルム,エスパー,,,,
0386-2,0386,デオキシス,ディフェンスフォルム,エスパー,,,,
0386-3,0386,デオキシス,スピードフォルム,エスパー,,,,
0387,0387,ナエトル,,くさ,,,,
0388,0388,ハヤシガメ,,くさ,,,,
0389,0389,ドダイトス,,くさ,じめん,,,
0390,0390,ヒコザル,,ほのお,,,,
0391,0391,モウカザル,,ほのお,かくとう,,,
0392,0392,ゴウカザル,,ほのお,かくとう,,,
0393,0393,ポッチャマ,,みず,,,,
0394,0394,ポッタイシ,,みず,,,,
0395,0395,エンペルト,,みず,はがね,,,
0396,0396,ムックル,,ノーマル,ひこう,,,
0397,0397,ムクバード,,ノーマル,ひこう,,,
0398,0398,ムクホーク,,ノーマル,ひこう,,,
0399,0399,ビッパ,,ノーマル,,,,
0400,0400,ビーダル,,ノーマル,みず,,,
0401,0401,コロボーシ,,むし,,,,
0402,0402,コロトック,,むし,,,,
0403,0403,コリンク,,でんき,,,,
0404,0404,ルクシオ,,でんき,,,,
0405,0405,レントラー,,でんき,,,,
0406,0406,スボミー,,くさ,どく,,,
0407,0407,ロズレイド,,くさ,どく,,,
0408,0408,ズガイドス,,いわ,,,,
0409,0409,ラムパルド,,いわ,,,,
0410,0410,タテトプス,,いわ,はがね,,,
0411,0411,トリデプス,,いわ,はがね,,,
0412,0412,ミノムッチ,くさきのミノ,むし,,,,
0412-1,0412,ミノムッチ,すなちのミノ,むし,,,,
0412-2,0412,ミノムッチ,ゴミのミノ,むし,,,,
0413,0413,ミノマダム,くさきのミノ,むし,くさ,,,
0413-1,0413,ミノマダム,すなちのミノ,むし,じめん,,,
0413-2,0413,ミノマダム,ゴミのミノ,むし,はがね,,,
0414,0414,ガーメイル,,むし,ひこう,,,
0415,0415,ミツハニー,,むし,ひこう,,,
0416,0416,ビークイン,,むし,ひこう,,,
0417,0417,パチリス,,でんき,,,,
0418,0418,ブイゼル,,みず,,,,
0419,0419,フローゼル,,みず,,,,
0420,0420,チェリンボ,,くさ,,,,
0421,0421,チェリム,ネガフォルム,くさ,,,,
0421-1,0421,チェリム,ポジフォルム,くさ,,,,
0422,0422,カラナクシ,にしのうみ,みず,,,,
0422-1,0422,カラナクシ,ひがしのうみ,みず,,,,
0423,0423,トリトドン,にしのうみ,みず,じめん,,,
0423-1,0423,トリトドン,ひがしのうみ,みず,じめん,,,
0424,0424,エテボース,,ノーマル,,,,
0425,0425,フワンテ,,ゴースト,ひこう,,,
0426,0426,フワライド,,ゴースト,ひこう,,,
0427,0427,ミミロル,,ノーマル,,,,
0428,0428,ミミロップ,,ノーマル,,,,
0428-1,0428,メガミミロップ,,ノーマル,かくとう,,,
0429,0429,ムウマージ,,ゴースト,,,,
0430,0430,ドンカラス,,あく,ひこう,,,
0431,0431,ニャルマー,,ノーマル,,,,
0432,0432,ブニャット,,ノーマル,,,,
0433,0433,リーシャン,,エスパー,,,,
0434,0434,スカンプー,,どく,あく,,,
0435,0435,スカタンク,,どく,あく,,,
0436,0436,ドーミラー,,はがね,エスパー,,,
0437,0437,ドータクン,,はがね,エスパー,,,
0438,0438,ウソハチ,,いわ,,,,
0439,0439,マネネ,,エスパー,フェアリー,,,
0440,0440,ピンプク,,ノーマル,,,,
0441,0441,ペラップ,,ノーマル,ひこう,,,
0442,0442,ミカルゲ,,ゴースト,あく,,,
0443,0443,フカマル,,ドラゴン,じめん,,,
0444,0444,ガバイト,,ドラゴン,じめん,,,
0445,0445,ガブリアス,,ドラゴン,じめん,,,
0445-1,0445,メガガブリアス,,ドラゴン,じめん,,,
0446,0446,ゴンベ,,ノーマル,,,,
0447,0447,リオル,,かくとう,,,,
0448,0448,ルカリオ,,かくとう,はがね,,,
0448-1,0448,メガルカリオ,,かくとう,はがね,,,
0449,0449,ヒポポタス,,じめん,,,,
0450,0450,カバルドン,,じめん,,,,
0451,0451,スコルピ,,どく,むし,,,
0452,0452,ドラピオン,,どく,あく,,,
0453,0453,グレッグル,,どく,かくとう,,,
0454,0454,ドクロッグ,,どく,かくとう,,,
0455,0455,マスキッパ,,くさ,,,,
0456,0456,ケイコウオ,,みず,,,,
0457,0457,ネオラント,,みず,,,,
0458,0458,タマンタ,,みず,ひこう,,,
0459,0459,ユキカブリ,,くさ,こおり,,,
0460,0460,ユキノオー,,くさ,こおり,,,
0460-1,0460,メガユキノオー,,くさ,こおり,,,
0461,0461,マニューラ,,あく,こおり,,,
0462,0462,ジバコイル,,でんき,はがね,,,
0463,0463,ベロベルト,,ノーマル,,,,
0464,0464,ドサイドン,,じめん,いわ,,,
0465,0465,モジャンボ,,くさ,,,,
0466,0466,エレキブル,,でんき,,,,
0467,0467,ブーバーン,,ほのお,,,,
0468,0468,トゲキッス,,フェアリー,ひこう,,,
0469,0469,メガヤンマ,,むし,ひこう,,,
0470,0470,リーフィア,,くさ,,,,
0471,0471,グレイシア,,こおり,,,,
0472,0472,グライオン,,じめん,ひこう,,,
0473,0473,マンムー,,こおり,じめん,,,
0474,0474,ポリゴンＺ,,ノーマル,,,,
0475,0475,エルレイド,,エスパー,かくとう,,,
0475-1,0475,メガエルレイド,,エスパー,かくとう,,,
0476,0476,ダイノーズ,,いわ,はがね,,,
0477,0477,ヨノワール,,ゴースト,,,,
0478,0478,ユキメノコ,,こおり,ゴースト,,,
0479,0479,ロトム,ロトムのすがた,でんき,ゴースト,,,
0479-1,0479,ロトム,ヒートロトム,でんき,ほのお,,,
0479-2,0479,ロトム,ウォッシュロトム,でんき,みず,,,
0479-3,0479,ロトム,フロストロトム,でんき,こおり,,,
0479-4,0479,ロトム,スピンロトム,でんき,ひこう,,,
0479-5,0479,ロトム,カットロトム,でんき,くさ,,,
0480,0480,ユクシー,,エスパー,,,,
0481,0481,エムリット,,エスパー,,,,
0482,0482,アグノム,,エスパー,,,,
0483,0483,ディアルガ,,はがね,ドラゴン,,,
0483-1,0483,ディアルガ,オリジンフォルム,はがね,ドラゴン,,,
0484,0484,パルキア,,みず,ドラゴン,,,
0484-1,0484,パルキア,オリジンフォルム,みず,ドラゴン,,,
0485,0485,ヒードラン,,ほのお,はがね,,,
0486,0486,レジギガス,,ノーマル,,,,
0487,0487,ギラティナ,アナザーフォルム,ゴースト,ドラゴン,,,
0487-1,0487,ギラティナ,オリジンフォルム,ゴースト,ドラゴン,,,
0488,0488,クレセリア,,エスパー,,,,
0489,0489,フィオネ,,みず,,,,
0490,0490,マナフィ,,みず,,,,
0491,0491,ダークライ,,あく,,,,
0492,0492,シェイミ,ランドフォルム,くさ,,,,
0492-1,0492,シェイミ,スカイフォルム,くさ,ひこう,,,
0493,0493,アルセウス,,ノーマル,,,,
0494,0494,ビクティニ,,エスパー,ほのお,,,
0495,0495,ツタージャ,,くさ,,,,
0496,0496,ジャノビー,,くさ,,,,
0497,0497,ジャローダ,,くさ,,,,
0498,0498,ポカブ,,ほのお,,,,
0499,0499,チャオブー,,ほのお,かくとう,,,
0500,0500,エンブオー,,ほのお,かくとう,,,
0501,0501,ミジュマル,,みず,,,,
0502,0502,フタチマル,,みず,,,,
0503,0503,ダイケンキ,,みず,,,,
0503-1,0503,ダイケンキ,ヒスイのすがた,みず,あく,,,
0504,0504,ミネズミ,,ノーマル,,,,
0505,0505,ミルホッグ,,ノーマル,,,,
0506,0506,ヨーテリー,,ノーマル,,,,
0507,0507,ハーデリア,,ノーマル,,,,
0508,0508,ムーランド,,ノーマル,,,,
0509,0509,チョロネコ,,あく,,,,
0510,0510,レパルダス,,あく,,,,
0511,0511,ヤナップ,,くさ,,,,
0512,0512,ヤナッキー,,くさ,,,,
0513,0513,バオップ,,ほのお,,,,
0514,0514,バオッキー,,ほのお,,,,
0515,0515,ヒヤップ,,みず,,,,
0516,0516,ヒヤッキー,,みず,,,,
0517,0517,ムンナ,,エスパー,,,,
0518,0518,ムシャーナ,,エスパー,,,,
0519,0519,マメパト,,ノーマル,ひこう,,,
0520,0520,ハトーボー,,ノーマル,ひこう,,,
0521,0521,ケンホロウ,オスのすがた,ノーマル,ひこう,,,
0521-1,0521,ケンホロウ,メスのすがた,ノーマル,ひこう,,,
0522,0522,シママ,,でんき,,,,
0523,0523,ゼブライカ,,でんき,,,,
0524,0524,ダンゴロ,,いわ,,,,
0525,0525,ガントル,,いわ,,,,
0526,0526,ギガイアス,,いわ,,,,
0527,0527,コロモリ,,エスパー,ひこう,,,
0528,0528,ココロモリ,,エスパー,ひこう,,,
0529,0529,モグリュー,,じめん,,,,
0530,0530,ドリュウズ,,じめん,はがね,,,
0531,0531,タブンネ,,ノーマル,,,,
0531-1,0531,メガタブンネ,,ノーマル,フェアリー,,,
0532,0532,ドッコラー,,かくとう,,,,
0533,0533,ドテッコツ,,かくとう,,,,
0534,0534,ローブシン,,かくとう,,,,
0535,0535,オタマロ,,みず,,,,
0536,0536,ガマガル,,みず,じめん,,,
0537,0537,ガマゲロゲ,,みず,じめん,,,
0538,0538,ナゲキ,,かくとう,,,,
0539,0539,ダゲキ,,かくとう,,,,
0540,0540,クルミル,,むし,くさ,,,
0541,0541,クルマユ,,むし,くさ,,,
0542,0542,ハハコモリ,,むし,くさ,,,
0543,0543,フシデ,,むし,どく,,,
0544,0544,ホイーガ,,むし,どく,,,
0545,0545,ペンドラー,,むし,どく,,,
0546,0546,モンメン,,くさ,フェアリー,,,
0547,0547,エルフーン,,くさ,フェアリー,,,
0548,0548,チュリネ,,くさ,,,,
0549,0549,ドレディア,,くさ,,,,
0549-1,0549,ドレディア,ヒスイのすがた,くさ,かくとう,,,
0550,0550,バスラオ,あかすじのすがた,みず,,,,
0550-1,0550,バスラオ,あおすじのすがた,みず,,,,
0550-2,0550,バスラオ,しろすじのすがた,みず,,,,
0551,0551,メグロコ,,じめん,あく,,,
0552,0552,ワルビル,,じめん,あく,,,
0553,0553,ワルビアル,,じめん,あく,,,
0554,0554,ダルマッカ,,ほのお,,,,
0554-1,0554,ダルマッカ,ガラルのすがた,こおり,,,,
0555,0555,ヒヒダルマ,ノーマルモード,ほのお,,,,
0555-1,0555,ヒヒダルマ,ダルマモード,ほのお,エスパー,,,
0555-2,0555,ヒヒダルマ,ガラルのすがた,こおり,,,,
0555-3,0555,ヒヒダルマ,ガラルのすがた・ダルマモード,こおり,ほのお,,,
0556,0556,マラカッチ,,くさ,,,,
0557,0557,イシズマイ,,むし,いわ,,,
0558,0558,イワパレス,,むし,いわ,,,
0559,0559,ズルッグ,,あく,かくとう,,,
0560,0560,ズルズキン,,あく,かくとう,,,
0561,0561,シンボラー,,エスパー,ひこう,,,
0562,0562,デスマス,,ゴースト,,,,
0562-1,0562,デスマス,ガラルのすがた,じめん,ゴースト,,,
0563,0563,デスカーン,,ゴースト,,,,
0564,0564,プロトーガ,,みず,いわ,,,
0565,0565,アバゴーラ,,みず,いわ,,,
0566,0566,アーケン,,いわ,ひこう,,,
0567,0567,アーケオス,,いわ,ひこう,,,
0568,0568,ヤブクロン,,どく,,,,
0569,0569,ダストダス,,どく,,,,
0569-1,0569,ダストダス,キョダイマックスのすがた,どく,,,,
0570,0570,ゾロア,,あく,,,,
0570-1,0570,ゾロア,ヒスイのすがた,ノーマル,ゴースト,,,
0571,0571,ゾロアーク,,あく,,,,
0571-1,0571,ゾロアーク,ヒスイのすがた,ノーマル,ゴースト,,,
0572,0572,チラーミィ,,ノーマル,,,,
0573,0573,チラチーノ,,ノーマル,,,,
0574,0574,ゴチム,,エスパー,,,,
0575,0575,ゴチミル,,エスパー,,,,
0576,0576,ゴチルゼル,,エスパー,,,,
0577,0577,ユニラン,,エスパー,,,,
0578,0578,ダブラン,,エスパー,,,,
0579,0579,ランクルス,,エスパー,,,,
0580,0580,コアルヒー,,みず,ひこう,,,
0581,0581,スワンナ,,みず,ひこう,,,
0582,0582,バニプッチ,,こおり,,,,
0583,0583,バニリッチ,,こおり,,,,
0584,0584,バイバニラ,,こおり,,,,
0585,0585,シキジカ,はるのすがた,ノーマル,くさ,,,
0585-1,0585,シキジカ,なつのすがた,ノーマル,くさ,,,
0585-2,0585,シキジカ,あきのすがた,ノーマル,くさ,,,
0585-3,0585,シキジカ,ふゆのすがた,ノーマル,くさ,,,
0586,0586,メブキジカ,はるのすがた,ノーマル,くさ,,,
0586-1,0586,メブキジカ,なつのすがた,ノーマル,くさ,,,
0586-2,0586,メブキジカ,あきのすがた,ノーマル,くさ,,,
0586-3,0586,メブキジカ,ふゆのすがた,ノーマル,くさ,,,
0587,0587,エモンガ,,でんき,ひこう,,,
0588,0588,カブルモ,,むし,,,,
0589,0589,シュバルゴ,,むし,はがね,,,
0590,0590,タマゲタケ,,くさ,どく,,,
0591,0591,モロバレル,,くさ,どく,,,
0592,0592,プルリル,オスのすがた,みず,ゴースト,,,
0592-1,0592,プルリル,メスのすがた,みず,ゴースト,,,
0593,0593,ブルンゲル,オスのすがた,みず,ゴースト,,,
0593-1,0593,ブルンゲル,メスのすがた,みず,ゴースト,,,
0594,0594,ママンボウ,,みず,,,,
0595,0595,バチュル,,むし,でんき,,,
0596,0596,デンチュラ,,むし,でんき,,,
0597,0597,テッシード,,くさ,はがね,,,
0598,0598,ナットレイ,,くさ,はがね,,,
0599,0599,ギアル,,はがね,,,,
0600,0600,ギギアル,,はがね,,,,
0601,0601,ギギギアル,,はがね,,,,
0602,0602,シビシラス,,でんき,,,,
0603,0603,シビビール,,でんき,,,,
0604,0604,シビルドン,,でんき,,,,
0605,0605,リグレー,,エスパー,,,,
0606,0606,オーベム,,エスパー,,,,
0607,0607,ヒトモシ,,ゴースト,ほのお,,,
0608,0608,ランプラー,,ゴースト,ほのお,,,
0609,0609,シャンデラ,,ゴースト,ほのお,,,
0610,0610,キバゴ,,ドラゴン,,,,
0611,0611,オノンド,,ドラゴン,,,,
0612,0612,オノノクス,,ドラゴン,,,,
0613,0613,クマシュン,,こおり,,,,
0614,0614,ツンベアー,,こおり,,,,
0615,0615,フリージオ,,こおり,,,,
0616,0616,チョボマキ,,むし,,,,
0617,0617,アギルダー,,むし,,,,
0618,0618,マッギョ,,じめん,でんき,,,
0618-1,0618,マッギョ,ガラルのすがた,じめん,はがね,,,
0619,0619,コジョフー,,かくとう,,,,
0620,0620,コジョンド,,かくとう,,,,
0621,0621,クリムガン,,ドラゴン,,,,
0622,0622,ゴビット,,じめん,ゴースト,,,
0623,0623,ゴルーグ,,じめん,ゴースト,,,
0624,0624,コマタナ,,あく,はがね,,,
0625,0625,キリキザン,,あく,はがね,,,
0626,0626,バッフロン,,ノーマル,,,,
0627,0627,ワシボン,,ノーマル,ひこう,,,
0628,0628,ウォーグル,,ノーマル,ひこう,,,
0628-1,0628,ウォーグル,ヒスイのすがた,エスパー,ひこう,,,
0629,0629,バルチャイ,,あく,ひこう,,,
0630,0630,バルジーナ,,あく,ひこう,,,
0631,0631,クイタラン,,ほのお,,,,
0632,0632,アイアント,,むし,はがね,,,
0633,0633,モノズ,,あく,ドラゴン,,,
0634,0634,ジヘッド,,あく,ドラゴン,,,
0635,0635,サザンドラ,,あく,ドラゴン,,,
0636,0636,メラルバ,,むし,ほのお,,,
0637,0637,ウルガモス,,むし,ほのお,,,
0638,0638,コバルオン,,はがね,かくとう,,,
0639,0639,テラキオン,,いわ,かくとう,,,
0640,0640,ビリジオン,,くさ,かくとう,,,
0641,0641,トルネロス,けしんフォルム,ひこう,,,,
0641-1,0641,トルネロス,れいじゅうフォルム,ひこう,,,,
0642,0642,ボルトロス,けしんフォルム,でんき,ひこう,,,
0642-1,0642,ボルトロス,れいじゅうフォルム,でんき,ひこう,,,
0643,0643,レシラム,,ドラゴン,ほのお,,,
0644,0644,ゼクロム,,ドラゴン,でんき,,,
0645,0645,ランドロス,けしんフォルム,じめん,ひこう,,,
0645-1,0645,ランドロス,れいじゅうフォルム,じめん,ひこう,,,
0646,0646,キュレム,キュレムのすがた,ドラゴン,こおり,,,
0646-1,0646,キュレム,ホワイトキュレム,ドラゴン,こおり,,,
0646-2,0646,キュレム,ブラックキュレム,ドラゴン,こおり,,,
0647,0647,ケルディオ,いつものすがた,みず,かくとう,,,
0647-1,0647,ケルディオ,かくごのすがた,みず,かくとう,,,
0648,0648,メロエッタ,ボイスフォルム,ノーマル,エスパー,,,
0648-1,0648,メロエッタ,ステップフォルム,ノーマル,かくとう,,,
0649,0649,ゲノセクト,,むし,はがね,,,
0650,0650,ハリマロン,,くさ,,,,
0651,0651,ハリボーグ,,くさ,,,,
0652,0652,ブリガロン,,くさ,かくとう,,,
0653,0653,フォッコ,,ほのお,,,,
0654,0654,テールナー,,ほのお,,,,
0655,0655,マフォクシー,,ほのお,エスパー,,,
0656,0656,ケロマツ,,みず,,,,
0657,0657,ゲコガシラ,,みず,,,,
0658,0658,ゲッコウガ,,みず,あく,,,
0659,0659,ホルビー,,ノーマル,,,,
0660,0660,ホルード,,ノーマル,じめん,,,
0661,0661,ヤヤコマ,,ノーマル,ひこう,,,
0662,0662,ヒノヤコマ,,ほのお,ひこう,,,
0663,0663,ファイアロー,,ほのお,ひこう,,,
0664,0664,コフキムシ,,むし,,,,
0665,0665,コフーライ,,むし,,,,
0666,0666,ビビヨン,,むし,ひこう,,,
0667,0667,シシコ,,ほのお,ノーマル,,,
0668,0668,カエンジシ,オスのすがた,ほのお,ノーマル,,,
0668-1,0668,カエンジシ,メスのすがた,ほのお,ノーマル,,,
0669,0669,フラベベ,,フェアリー,,,,
0670,0670,フラエッテ,,フェアリー,,,,
0671,0671,フラージェス,,フェアリー,,,,
0672,0672,メェークル,,くさ,,,,
0673,0673,ゴーゴート,,くさ,,,,
0674,0674,ヤンチャム,,かくとう,,,,
0675,0675,ゴロンダ,,かくとう,あく,,,
0676,0676,トリミアン,,ノーマル,,,,
0677,0677,ニャスパー,,エスパー,,,,
0678,0678,ニャオニクス,オスのすがた,エスパー,,,,
0678-1,0678,ニャオニクス,メスのすがた,エスパー,,,,
0679,0679,ヒトツキ,,はがね,ゴースト,,,
0680,0680,ニダンギル,,はがね,ゴースト,,,
0681,0681,ギルガルド,シールドフォルム,はがね,ゴースト,,,
0681-1,0681,ギルガルド,ブレードフォルム,はがね,ゴースト,,,
0682,0682,シュシュプ,,フェアリー,,,,
0683,0683,フレフワン,,フェアリー,,,,
0684,0684,ペロッパフ,,フェアリー,,,,
0685,0685,ペロリーム,,フェアリー,,,,
0686,0686,マーイーカ,,あく,エスパー,,,
0687,0687,カラマネロ,,あく,エスパー,,,
0688,0688,カメテテ,,いわ,みず,,,
0689,0689,ガメノデス,,いわ,みず,,,
0690,0690,クズモー,,どく,みず,,,
0691,0691,ドラミドロ,,どく,ドラゴン,,,
0692,0692,ウデッポウ,,みず,,,,
0693,0693,ブロスター,,みず,,,,
0694,0694,エリキテル,,でんき,ノーマル,,,
0695,0695,エレザード,,でんき,ノーマル,,,
0696,0696,チゴラス,,いわ,ドラゴン,,,
0697,0697,ガチゴラス,,いわ,ドラゴン,,,
0698,0698,アマルス,,いわ,こおり,,,
0699,0699,アマルルガ,,いわ,こおり,,,
0700,0700,ニンフィア,,フェアリー,,,,
0701,0701,ルチャブル,,かくとう,ひこう,,,
0702,0702,デデンネ,,でんき,フェアリー,,,
0703,0703,メレシー,,いわ,フェアリー,,,
0704,0704,ヌメラ,,ドラゴン,,,,
0705,0705,ヌメイル,,ドラゴン,,,,
0705-1,0705,ヌメイル,ヒスイのすがた,はがね,ドラゴン,,,
0706,0706,ヌメルゴン,,ドラゴン,,,,
0706-1,0706,ヌメルゴン,ヒスイのすがた,はがね,ドラゴン,,,
0707,0707,クレッフィ,,はがね,フェアリー,,,
0708,0708,ボクレー,,ゴースト,くさ,,,
0709,0709,オーロット,,ゴースト,くさ,,,
0710,0710,バケッチャ,,ゴースト,くさ,,,
0711,0711,パンプジン,,ゴースト,くさ,,,
0712,0712,カチコール,,こおり,,,,
0713,0713,クレベース,,こおり,,,,
0713-1,0713,クレベース,ヒスイのすがた,こおり,いわ,,,
0714,0714,オンバット,,ひこう,ドラゴン,,,
0715,0715,オンバーン,,ひこう,ドラゴン,,,
0716,0716,ゼルネアス,,フェアリー,,,,
0717,0717,イベルタル,,あく,ひこう,,,
0718,0718,ジガルデ,５０％フォルム,ドラゴン,じめん,,,
0718-1,0718,ジガルデ,１０％フォルム,ドラゴン,じめん,,,
0718-2,0718,ジガルデ,パーフェクトフォルム,ドラゴン,じめん,,,
0719,0719,ディアンシー,,いわ,フェアリー,,,
0719-1,0719,メガディアンシー,,いわ,フェアリー,,,
0720,0720,フーパ,いましめられしフーパ,エスパー,ゴースト,,,
0720-1,0720,フーパ,ときはなたれしフーパ,エスパー,あく,,,
0721,0721,ボルケニオン,,ほのお,みず,,,
0722,0722,モクロー,,くさ,ひこう,,,
0723,0723,フクスロー,,くさ,ひこう,,,
0724,0724,ジュナイパー,,くさ,ゴースト,,,
0724-1,0724,ジュナイパー,ヒスイのすがた,くさ,かくとう,,,
0725,0725,ニャビー,,ほのお,,,,
0726,0726,ニャヒート,,ほのお,,,,
0727,0727,ガオガエン,,ほのお,あく,,,
0728,0728,アシマリ,,みず,,,,
0729,0729,オシャマリ,,みず,,,,
0730,0730,アシレーヌ,,みず,フェアリー,,,
0731,0731,ツツケラ,,ノーマル,ひこう,,,
0732,0732,ケララッパ,,ノーマル,ひこう,,,
0733,0733,ドデカバシ,,ノーマル,ひこう,,,
0734,0734,ヤングース,,ノーマル,,,,
0735,0735,デカグース,,ノーマル,,,,
0736,0736,アゴジムシ,,むし,,,,
0737,0737,デンヂムシ,,むし,でんき,,,
0738,0738,クワガノン,,むし,でんき,,,
0739,0739,マケンカニ,,かくとう,,,,
0740,0740,ケケンカニ,,かくとう,こおり,,,
0741,0741,オドリドリ,めらめらスタイル,ほのお,ひこう,,,
0741-1,0741,オドリドリ,ぱちぱちスタイル,でんき,ひこう,,,
0741-2,0741,オドリドリ,ふらふらスタイル,エスパー,ひこう,,,
0741-3,0741,オドリドリ,まいまいスタイル,ゴースト,ひこう,,,
0742,0742,アブリー,,むし,フェアリー,,,
0743,0743,アブリボン,,むし,フェアリー,,,
0744,0744,イワンコ,,いわ,,,,
0745,0745,ルガルガン,まひるのすがた,いわ,,,,
0745-1,0745,ルガルガン,まよなかのすがた,いわ,,,,
0745-2,0745,ルガルガン,たそがれのすがた,いわ,,,,
0746,0746,ヨワシ,たんどくのすがた,みず,,,,
0746-1,0746,ヨワシ,むれたすがた,みず,,,,
0747,0747,ヒドイデ,,どく,みず,,,
0748,0748,ドヒドイデ,,どく,みず,,,
0749,0749,ドロバンコ,,じめん,,,,
0750,0750,バンバドロ,,じめん,,,,
0751,0751,シズクモ,,みず,むし,,,
0752,0752,オニシズクモ,,みず,むし,,,
0753,0753,カリキリ,,くさ,,,,
0754,0754,ラランテス,,くさ,,,,
0755,0755,ネマシュ,,くさ,フェアリー,,,
0756,0756,マシェード,,くさ,フェアリー,,,
0757,0757,ヤトウモリ,,どく,ほのお,,,
0758,0758,エンニュート,,どく,ほのお,,,
0759,0759,ヌイコグマ,,ノーマル,かくとう,,,
0760,0760,キテルグマ,,ノーマル,かくとう,,,
0761,0761,アマカジ,,くさ,,,,
0762,0762,アママイコ,,くさ,,,,
0763,0763,アマージョ,,くさ,,,,
0764,0764,キュワワー,,フェアリー,,,,
0765,0765,ヤレユータン,,ノーマル,エスパー,,,
0766,0766,ナゲツケサル,,かくとう,,,,
0767,0767,コソクムシ,,むし,みず,,,
0768,0768,グソクムシャ,,むし,みず,,,
0769,0769,スナバァ,,ゴースト,じめん,,,
0770,0770,シロデスナ,,ゴースト,じめん,,,
0771,0771,ナマコブシ,,みず,,,,
0772,0772,タイプ：ヌル,,ノーマル,,,,
0773,0773,シルヴァディ,タイプ：ノーマル,ノーマル,,,,
0774,0774,メテノ,りゅうせいのすがた,いわ,ひこう,,,
0774-1,0774,メテノ,あかいろのコア,いわ,ひこう,,,
0775,0775,ネッコアラ,,ノーマル,,,,
0776,0776,バクガメス,,ほのお,ドラゴン,,,
0777,0777,トゲデマル,,でんき,はがね,,,
0778,0778,ミミッキュ,ばけたすがた,ゴースト,フェアリー,,,
0779,0779,ハギギシリ,,みず,エスパー,,,
0780,0780,ジジーロン,,ノーマル,ドラゴン,,,
0781,0781,ダダリン,,ゴースト,くさ,,,
0782,0782,ジャラコ,,ドラゴン,,,,
0783,0783,ジャランゴ,,ドラゴン,かくとう,,,
0784,0784,ジャラランガ,,ドラゴン,かくとう,,,
0785,0785,カプ・コケコ,,でんき,フェアリー,,,
0786,0786,カプ・テテフ,,エスパー,フェアリー,,,
0787,0787,カプ・ブルル,,くさ,フェアリー,,,
0788,0788,カプ・レヒレ,,みず,フェアリー,,,
0789,0789,コスモッグ,,エスパー,,,,
0790,0790,コスモウム,,エスパー,,,,
0791,0791,ソルガレオ,,エスパー,はがね,,,
0792,0792,ルナアーラ,,エスパー,ゴースト,,,
0793,0793,ウツロイド,,いわ,どく,,,
0794,0794,マッシブーン,,むし,かくとう,,,
0795,0795,フェローチェ,,むし,かくとう,,,
0796,0796,デンジュモク,,でんき,,,,
0797,0797,テッカグヤ,,はがね,ひこう,,,
0798,0798,カミツルギ,,くさ,はがね,,,
0799,0799,アクジキング,,あく,ドラゴン,,,
0800,0800,ネクロズマ,,エスパー,,,,
0800-1,0800,ネクロズマ,たそがれのたてがみ,エスパー,はがね,,,
0800-2,0800,ネクロズマ,あかつきのつばさ,エスパー,ゴースト,,,
0800-3,0800,ネクロズマ,ウルトラネクロズマ,エスパー,ドラゴン,,,
0801,0801,マギアナ,,はがね,フェアリー,,,
0802,0802,マーシャドー,,かくとう,ゴースト,,,
0803,0803,ベベノム,,どく,,,,
0804,0804,アーゴヨン,,どく,ドラゴン,,,
0805,0805,ツンデツンデ,,いわ,はがね,,,
0806,0806,ズガドーン,,ほのお,ゴースト,,,
0807,0807,ゼラオラ,,でんき,,,,
0808,0808,メルタン,,はがね,,,,
0809,0809,メルメタル,,はがね,,,,
0809-1,0809,メルメタル,キョダイマックスのすがた,はがね,,,,
0810,0810,サルノリ,,くさ,,,,
0811,0811,バチンキー,,くさ,,,,
0812,0812,ゴリランダー,,くさ,,,,
0812-1,0812,ゴリランダー,キョダイマックスのすがた,くさ,,,,
0813,0813,ヒバニー,,ほのお,,,,
0814,0814,ラビフット,,ほのお,,,,
0815,0815,エースバーン,,ほのお,,,,
0815-1,0815,エースバーン,キョダイマックスのすがた,ほのお,,,,
0816,0816,メッソン,,みず,,,,
0817,0817,ジメレオン,,みず,,,,
0818,0818,インテレオン,,みず,,,,
0818-1,0818,インテレオン,キョダイマックスのすがた,みず,,,,
0819,0819,ホシガリス,,ノーマル,,,,
0820,0820,ヨクバリス,,ノーマル,,,,
0821,0821,ココガラ,,ひこう,,,,
0822,0822,アオガラス,,ひこう,,,,
0823,0823,アーマーガア,,ひこう,はがね,,,
0823-1,0823,アーマーガア,キョダイマックスのすがた,ひこう,はがね,,,
0824,0824,サッチムシ,,むし,,,,
0825,0825,レドームシ,,むし,エスパー,,,
0826,0826,イオルブ,,むし,エスパー,,,
0826-1,0826,イオルブ,キョダイマックスのすがた,むし,エスパー,,,
0827,0827,クスネ,,あく,,,,
0828,0828,フォクスライ,,あく,,,,
0829,0829,ヒメンカ,,くさ,,,,
0830,0830,ワタシラガ,,くさ,,,,
0831,0831,ウールー,,ノーマル,,,,
0832,0832,バイウールー,,ノーマル,,,,
0833,0833,カムカメ,,みず,,,,
0834,0834,カジリガメ,,みず,いわ,,,
0834-1,0834,カジリガメ,キョダイマックスのすがた,みず,いわ,,,
0835,0835,ワンパチ,,でんき,,,,
0836,0836,パルスワン,,でんき,,,,
0837,0837,タンドン,,いわ,,,,
0838,0838,トロッゴン,,いわ,ほのお,,,
0839,0839,セキタンザン,,いわ,ほのお,,,
0839-1,0839,セキタンザン,キョダイマックスのすがた,いわ,ほのお,,,
0840,0840,カジッチュ,,くさ,ドラゴン,,,
0841,0841,アップリュー,,くさ,ドラゴン,,,
0841-1,0841,アップリュー,キョダイマックスのすがた,くさ,ドラゴン,,,
0842,0842,タルップル,,くさ,ドラゴン,,,
0842-1,0842,タルップル,キョダイマックスのすがた,くさ,ドラゴン,,,
0843,0843,スナヘビ,,じめん,,,,
0844,0844,サダイジャ,,じめん,,,,
0844-1,0844,サダイジャ,キョダイマックスのすがた,じめん,,,,
0845,0845,ウッウ,,ひこう,みず,,,
0846,0846,サシカマス,,みず,,,,
0847,0847,カマスジョー,,みず,,,,
0848,0848,エレズン,,でんき,どく,,,
0849,0849,ストリンダー,ハイなすがた,でんき,どく,,,
0849-1,0849,ストリンダー,ローなすがた,でんき,どく,,,
0849-2,0849,ストリンダー,ハイなすがた・キョダイマックスのすがた,でんき,どく,,,
0849-3,0849,ストリンダー,ローなすがた・キョダイマックスのすがた,でんき,どく,,,
0850,0850,ヤクデ,,ほのお,むし,,,
0851,0851,マルヤクデ,,ほのお,むし,,,
0851-1,0851,マルヤクデ,キョダイマックスのすがた,ほのお,むし,,,
0852,0852,タタッコ,,かくとう,,,,
0853,0853,オトスパス,,かくとう,,,,
0854,0854,ヤバチャ,がんさくフォルム,ゴースト,,,,
0854-1,0854,ヤバチャ,しんさくフォルム,ゴースト,,,,
0855,0855,ポットデス,がんさくフォルム,ゴースト,,,,
0855-1,0855,ポットデス,しんさくフォルム,ゴースト,,,,
0856,0856,ミブリム,,エスパー,,,,
0857,0857,テブリム,,エスパー,,,,
0858,0858,ブリムオン,,エスパー,フェアリー,,,
0858-1,0858,ブリムオン,キョダイマックスのすがた,エスパー,フェアリー,,,
0859,0859,ベロバー,,あく,フェアリー,,,
0860,0860,ギモー,,あく,フェアリー,,,
0861,0861,オーロンゲ,,あく,フェアリー,,,
0861-1,0861,オーロンゲ,キョダイマックスのすがた,あく,フェアリー,,,
0862,0862,タチフサグマ,,あく,ノーマル,,,
0863,0863,ニャイキング,,はがね,,,,
0864,0864,サニゴーン,,ゴースト,,,,
0865,0865,ネギガナイト,,かくとう,,,,
0866,0866,バリコオル,,こおり,エスパー,,,
0867,0867,デスバーン,,じめん,ゴースト,,,
0868,0868,マホミル,,フェアリー,,,,
0869,0869,マホイップ,,フェアリー,,,,
0869-1,0869,マホイップ,キョダイマックスのすがた,フェアリー,,,,
0870,0870,タイレーツ,,かくとう,,,,
0871,0871,バチンウニ,,でんき,,,,
0872,0872,ユキハミ,,こおり,むし,,,
0873,0873,モスノウ,,こおり,むし,,,
0874,0874,イシヘンジン,,いわ,,,,
0875,0875,コオリッポ,アイスフェイス,こおり,,,,
0875-1,0875,コオリッポ,ナイスフェイス,こおり,,,,
0876,0876,イエッサン,オスのすがた,エスパー,ノーマル,,,
0876-1,0876,イエッサン,メスのすがた,エスパー,ノーマル,,,
0877,0877,モルペコ,まんぷくもよう,でんき,あく,,,
0877-1,0877,モルペコ,はらぺこもよう,でんき,あく,,,
0878,0878,ゾウドウ,,はがね,,,,
0879,0879,ダイオウドウ,,はがね,,,,
0879-1,0879,ダイオウドウ,キョダイマックスのすがた,はがね,,,,
0880,0880,パッチラゴン,,でんき,ドラゴン,,,
0881,0881,パッチルドン,,でんき,こおり,,,
0882,0882,ウオノラゴン,,みず,ドラゴン,,,
0883,0883,ウオチルドン,,みず,こおり,,,
0884,0884,ジュラルドン,,はがね,ドラゴン,,,
0884-1,0884,ジュラルドン,キョダイマックスのすがた,はがね,ドラゴン,,,
0885,0885,ドラメシヤ,,ドラゴン,ゴースト,,,
0886,0886,ドロンチ,,ドラゴン,ゴースト,,,
0887,0887,ドラパルト,,ドラゴン,ゴースト,,,
0888,0888,ザシアン,れきせんのゆうしゃ,フェアリー,,,,
0888-1,0888,ザシアン,けんのおう,フェアリー,はがね,,,
0889,0889,ザマゼンタ,れきせんのゆうしゃ,かくとう,,,,
0889-1,0889,ザマゼンタ,たてのおう,かくとう,はがね,,,
0890,0890,ムゲンダイナ,,どく,ドラゴン,,,
0891,0891,ダクマ,,かくとう,,,,
0892,0892,ウーラオス,いちげきのかた,かくとう,あく,,,
0892-1,0892,ウーラオス,れんげきのかた,かくとう,みず,,,
0892-2,0892,ウーラオス,いちげきのかた・キョダイマックスのすがた,かくとう,あく,,,
0892-3,0892,ウーラオス,れんげきのかた・キョダイマックスのすがた,かくとう,みず,,,
0893,0893,ザルード,,あく,くさ,,,
0894,0894,レジエレキ,,でんき,,,,
0895,0895,レジドラゴ,,ドラゴン,,,,
0896,0896,ブリザポス,,こおり,,,,
0897,0897,レイスポス,,ゴースト,,,,
0898,0898,バドレックス,,エスパー,くさ,,,
0898-1,0898,バドレックス,はくばじょうのすがた,エスパー,こおり,,,
0898-2,0898,バドレックス,こくばじょうのすがた,エスパー,ゴースト,,,
0899,0899,アヤシシ,,ノーマル,エスパー,,,
0900,0900,バサギリ,,むし,いわ,,,
0901,0901,ガチグマ,,じめん,ノーマル,,,
0902,0902,イダイトウ,オスのすがた,みず,ゴースト,,,
0902-1,0902,イダイトウ,メスのすがた,みず,ゴースト,,,
0903,0903,オオニューラ,,かくとう,どく,,,
0904,0904,ハリーマン,,あく,どく,,,
0905,0905,ラブトロス,けしんフォルム,フェアリー,ひこう,,,
0905-1,0905,ラブトロス,れいじゅうフォルム,フェアリー,ひこう,,,
0906,0906,ニャオハ,,くさ,,,,
0907,0907,ニャローテ,,くさ,,,,
0908,0908,マスカーニャ,,くさ,あく,,,
0909,0909,ホゲータ,,ほのお,,,,
0910,0910,アチゲータ,,ほのお,,,,
0911,0911,ラウドボーン,,ほのお,ゴースト,,,
0912,0912,クワッス,,みず,,,,
0913,0913,ウェルカモ,,みず,,,,
0914,0914,ウェーニバル,,みず,かくとう,,,
0915,0915,グルトン,,ノーマル,,,,
0916,0916,パフュートン,オスのすがた,ノーマル,,,,
0916-1,0916,パフュートン,メスのすがた,ノーマル,,,,
0917,0917,タマンチュラ,,むし,,,,
0918,0918,ワナイダー,,むし,,,,
0919,0919,マメバッタ,,むし,,,,
0920,0920,エクスレッグ,,むし,あく,,,
0921,0921,パモ,,でんき,,,,
0922,0922,パモット,,でんき,かくとう,,,
0923,0923,パーモット,,でんき,かくとう,,,
0924,0924,ワッカネズミ,,ノーマル,,,,
0925,0925,イッカネズミ,３びきかぞく,ノーマル,,,,
0925-1,0925,イッカネズミ,４ひきかぞく,ノーマル,,,,
0926,0926,パピモッチ,,フェアリー,,,,
0927,0927,バウッツェル,,フェアリー,,,,
0928,0928,ミニーブ,,くさ,ノーマル,,,
0929,0929,オリーニョ,,くさ,ノーマル,,,
0930,0930,オリーヴァ,,くさ,ノーマル,,,
0931,0931,イキリンコ,グリーンフェザー,ノーマル,ひこう,,,
0931-1,0931,イキリンコ,ブルーフェザー,ノーマル,ひこう,,,
0931-2,0931,イキリンコ,イエローフェザー,ノーマル,ひこう,,,
0931-3,0931,イキリンコ,ホワイトフェザー,ノーマル,ひこう,,,
0932,0932,コジオ,,いわ,,,,
0933,0933,ジオヅム,,いわ,,,,
0934,0934,キョジオーン,,いわ,,,,
0935,0935,カルボウ,,ほのお,,,,
0936,0936,グレンアルマ,,ほのお,エスパー,,,
0937,0937,ソウブレイズ,,ほのお,ゴースト,,,
0938,0938,ズピカ,,でんき,,,,
0939,0939,ハラバリー,,でんき,,,,
0940,0940,カイデン,,でんき,ひこう,,,
0941,0941,タイカイデン,,でんき,ひこう,,,
0942,0942,オラチフ,,あく,,,,
0943,0943,マフィティフ,,あく,,,,
0944,0944,シルシュルー,,どく,ノーマル,,,
0945,0945,タギングル,,どく,ノーマル,,,
0946,0946,アノクサ,,くさ,ゴースト,,,
0947,0947,アノホラグサ,,くさ,ゴースト,,,
0948,0948,ノノクラゲ,,じめん,くさ,,,
0949,0949,リククラゲ,,じめん,くさ,,,
0950,0950,ガケガニ,,いわ,,,,
0951,0951,カプサイジ,,くさ,,,,
0952,0952,スコヴィラン,,くさ,ほのお,,,
0953,0953,シガロコ,,むし,,,,
0954,0954,ベラカス,,むし,エスパー,,,
0955,0955,ヒラヒナ,,エスパー,,,,
0956,0956,クエスパトラ,,エスパー,,,,
0957,0957,カヌチャン,,フェアリー,はがね,,,
0958,0958,ナカヌチャン,,フェアリー,はがね,,,
0959,0959,デカヌチャン,,フェアリー,はがね,,,
0960,0960,ウミディグダ,,みず,,,,
0961,0961,ウミトリオ,,みず,,,,
0962,0962,オトシドリ,,ひこう,あく,,,
0963,0963,ナミイルカ,,みず,,,,
0964,0964,イルカマン,ナイーブフォルム,みず,,,,
0964-1,0964,イルカマン,マイティフォルム,みず,,,,
0965,0965,ブロロン,,はがね,どく,,,
0966,0966,ブロロローム,,はがね,どく,,,
0967,0967,モトトカゲ,,ドラゴン,ノーマル,,,
0968,0968,ミミズズ,,はがね,,,,
0969,0969,キラーメ,,いわ,どく,,,
0970,0970,キラフロル,,いわ,どく,,,
0971,0971,ボチ,,ゴースト,,,,
0972,0972,ハカドッグ,,ゴースト,,,,
0973,0973,カラミンゴ,,ひこう,かくとう,,,
0974,0974,アルクジラ,,こおり,,,,
0975,0975,ハルクジラ,,こおり,,,,
0976,0976,ミガルーサ,,みず,エスパー,,,
0977,0977,ヘイラッシャ,,みず,,,,
0978,0978,シャリタツ,そったすがた,ドラゴン,みず,,,
0978-1,0978,シャリタツ,たれたすがた,ドラゴン,みず,,,
0978-2,0978,シャリタツ,のびたすがた,ドラゴン,みず,,,
0979,0979,コノヨザル,,かくとう,ゴースト,,,
0980,0980,ドオー,,どく,じめん,,,
0981,0981,リキキリン,,ノーマル,エスパー,,,
0982,0982,ノココッチ,ふたふしフォルム,ノーマル,,,,
0982-1,0982,ノココッチ,みつふしフォルム,ノーマル,,,,
0983,0983,ドドゲザン,,あく,はがね,,,
0984,0984,イダイナキバ,,じめん,かくとう,,,
0985,0985,サケブシッポ,,フェアリー,エスパー,,,
0986,0986,アラブルタケ,,くさ,あく,,,
0987,0987,ハバタクカミ,,ゴースト,フェアリー,,,
0988,0988,チヲハウハネ,,むし,かくとう,,,
0989,0989,スナノケガワ,,でんき,じめん,,,
0990,0990,テツノワダチ,,じめん,はがね,,,
0991,0991,テツノツツミ,,こおり,みず,,,
0992,0992,テツノカイナ,,かくとう,でんき,,,
0993,0993,テツノコウベ,,あく,ひこう,,,
0994,0994,テツノドクガ,,ほのお,どく,,,
0995,0995,テツノイバラ,,いわ,でんき,,,
0996,0996,セビエ,,ドラゴン,こおり,,,
0997,0997,セゴール,,ドラゴン,こおり,,,
0998,0998,セグレイブ,,ドラゴン,こおり,,,
0999,0999,コレクレー,はこフォルム,ゴースト,,,,
0999-1,0999,コレクレー,とほフォルム,ゴースト,,,,
1000,1000,サーフゴー,,はがね,ゴースト,,,
1001,1001,チオンジェン,,あく,くさ,,,
1002,1002,パオジアン,,あく,こおり,,,
1003,1003,ディンルー,,あく,じめん,,,
1004,1004,イーユイ,,あく,ほのお,,,
1005,1005,トドロクツキ,,ドラゴン,あく,,,
1006,1006,テツノブジン,,フェアリー,かくとう,,,
1007,1007,コライドン,,かくとう,ドラゴン,,,
1008,1008,ミライドン,,でんき,ドラゴン,,,
1009,1009,ウネルミナモ,,みず,ドラゴン,,,
1010,1010,テツノイサハ,,くさ,エスパー,,,
